{
    "2021": {
        "stocks": {
            "life_sto_cost": 24377.44276882001,
            "life_sto_divd": 41.07,
            "life_sto_prof": -10.89,
            "life_sto_curr": 25555.281000000003,
            "life_sto_gain": 1208.018231179994,
            "life_sto_incr": 0.04955475611761505
        },
        "etfs": {
            "life_etf_cost": 11518.020364285718,
            "life_etf_divd": 31.08,
            "life_etf_prof": 1.61571428571429,
            "life_etf_curr": 12480.27291,
            "life_etf_gain": 994.9482599999963,
            "life_etf_incr": 0.08638188061249337
        }
    }
}