{
    "2021": {
        "stocks": {
            "year_sto_addi": 7992.633633333334,
            "year_sto_cost": 24402.638602153344,
            "year_sto_divd": 45.86999999999999,
            "year_sto_prof": -72.43416666666664,
            "year_sto_curr": 24983.82,
            "year_sto_gain": 554.6172311799895,
            "year_sto_incr": 0.022727756625918676
        },
        "etfs": {
            "year_etf_addi": 4520.995714285714,
            "year_etf_cost": 11946.540364285716,
            "year_etf_divd": 33.690000000000005,
            "year_etf_prof": 10.425714285714264,
            "year_etf_curr": 12707.304839999997,
            "year_etf_gain": 804.8801899999951,
            "year_etf_incr": 0.0673734960462856
        }
    }
}