{
    "2021": {
        "stocks": {
            "life_sto_cost": 24402.63860215334,
            "life_sto_divd": 45.86999999999999,
            "life_sto_prof": -72.43416666666664,
            "life_sto_curr": 24983.82,
            "life_sto_gain": 554.6172311799932,
            "life_sto_incr": 0.02272775662591883
        },
        "etfs": {
            "life_etf_cost": 11946.540364285716,
            "life_etf_divd": 33.690000000000005,
            "life_etf_prof": 10.425714285714264,
            "life_etf_curr": 12707.304839999997,
            "life_etf_gain": 804.8801899999951,
            "life_etf_incr": 0.0673734960462856
        }
    }
}